,comments,dateStamp
0,"Oh its the season , thanks .",2021-05-27T18:04:19Z
1,This is nonsense . The vaccine is awesomely effective and safe . ? really ?,2021-05-27T17:26:57Z
2,This is what when you volunteer to get an untested vaccine . This is why you have to sign a waiver .,2021-05-27T11:20:50Z
3,' t they have done this b4 they people ?,2021-05-27T10:57:30Z
4,Yea just wait till you all get the ‚Äú booster ‚Äù,2021-05-27T10:48:23Z
5,or ?,2021-05-27T06:43:00Z
6,"Of course it is ! Wake up people ! Seriously , this is concerning . Especially since this vaccine is being so hard . I refuse to get it . Would rather take my",2021-05-27T10:38:35Z
7,Yeah better rush out and get your vaccine . Look if the ' t have a problem before then I would say it might be a problem . How can anyone be stupid enough to take this shot I think I will see what to the lab in the next five .,2021-05-27T03:04:42Z
8,,2021-05-27T01:52:24Z
9,"Then don ' t then . 12 15 old . Or 12 and 14 . instead of don ' t do anything like going to bar or big social get together . Small outdoor are fine . It is easy to not go of all your are also home . Do more zoom get together and outside . we still can ' t communicate . There are classes and , .",2021-05-28T15:34:20Z
10,"Permanent heart cell damage in young people is rare , temporary and mild .",2021-05-26T16:30:22Z
11,"People ,, they are",2021-05-26T10:59:18Z
12,""" rare "" because they won ' t tell you the true .",2021-05-26T01:43:31Z
13,The is permanent !,2021-05-26T00:26:14Z
14,is the of all .,2021-05-26T00:25:56Z
15,"I am concerned about these side effects : , immune thrombocytopenia , cerebral venous thrombosis , myocarditis in healthy , young people after are leading me to believe vaccination is not always best . I know people who contracted the virus and later had horrible side effects from the vaccine : bad , cycle , .; other ' s had mild . There ' s no way my teen will be getting until there is far more information . it ' s a hard pass on the vaccine ! Considering do no harm is the motto , I think it ' s harmful for the so - like to suggest teens and get this vaccine .",2021-05-25T21:36:58Z
16,Good thing i i have not my and i have not got mines either . I can wait untill is safe to do so just keep wearing my mask and wash my allot . Its been working i have not gotten the virus and not even my or husband .,2021-05-25T21:33:17Z
17,I ‚Äô m sure 7 is convinced that they are doing the public a great service by the . 0001 % from a vaccine . Way to go .,2021-05-25T21:30:37Z
18,"As time goes by , all these - will be proven to be the dangerous they are . Total !! Give me the vaccine !!! !! I ‚Äô m somebody for once , because I have the vaccine !!! You all sound like those ‚Äú bug ‚Äù with . All happy to be on the road to lifelong adverse . !!",2021-05-25T21:20:17Z
19,"model from a blood clot days after ‚Äô s Covid - 19 vaccine . According to media , , 39 , a ‚Äú serious thrombotic episode ‚Äù on May 14 and to after her first Covid dose on May 6 .",2021-05-25T21:18:06Z
20,That Vaccination Was 2 Fast . I ' Just Keep Getting Tested .,2021-05-25T20:43:51Z
21,More than 3 million people are physical side effects from covid . Stop pushing this poison . And the number of is in the .,2021-05-25T20:34:32Z
22,that ' s some skillful damage control .,2021-05-29T06:37:55Z
23,These haven ' t been by the and people are taking it . Lab .,2021-05-29T01:19:13Z
24,Recall Jay,2021-05-28T17:00:04Z
25,for no reason without any knowledge of long - term effects ....,2021-05-26T00:27:06Z
26,Go to under covid vaccine look for must read evidence pull up comment . Might just save your life .,2021-05-26T00:24:46Z
27,The Great Reset,2021-05-25T23:27:10Z
28,"18 in alone , after spending time in the hospital , the are being sent home on Heart for 30 days .",2021-05-25T22:58:35Z
29,"This vaccine needs to be STOPPED , until they do a complete full investigation as to why this is happening !",2021-05-25T22:54:29Z
30,"‚Äú They would have with or without the vaccine .‚Äù Seemingly healthy young who probably don ' t have health suddenly end up with myocarditis after taking the covid vaccine . Myocarditis is when an infection or virus the body and the heart . The heart then inflamed because of this infection . We all know that the vaccine is supposed to contain a weak or dead version of a virus , however , these covid were rushed and ' t been through proper testing to ensure maximum safety . Now , we ' re finding out people are up with heart disease after taking the vaccine . How is there no link ? Because not enough people have this potentially lethal heart disease yet ?",2021-05-25T21:16:57Z
31,Shut down the vaccine until investigation is complete .,2021-05-25T20:55:41Z
32,Depopulation,2021-05-25T16:51:37Z
33,"These teens are so , it a swollen heart to understand the government is not there to help . I bet the same that have swollen hearts are calling people with vaccine hesitancy all manner of . . You won ‚Äô t get covid . You also won ‚Äô t run and probably ‚Äô t have sex . üòÇ",2021-05-25T16:03:36Z
34,"Every time we turn around there ' s a new problem with the , yet our employ social pressure to get it .",2021-05-25T12:53:42Z
35,Small number to what ?,2021-05-25T11:26:18Z
36,this is a hard no üò¨üò¨üò¨,2021-05-25T11:12:04Z
37,‚Äú Rare ‚Äù ... sure .,2021-05-25T08:42:01Z
38,"10 - 20 per 100 , 000 . Ask those if this was a good idea ? Let ‚Äô s give all the multiple",2021-05-25T08:23:31Z
39,Well imagine that so let ‚Äô s go jab the also body all the,2021-05-25T08:22:13Z
40,Who could have ? üôÑ,2021-05-25T07:49:28Z
41,"Rare rare , multiple is the complete opposite ,",2021-05-25T06:12:59Z
42,"If this was posted on , it would be suppressed .",2021-05-25T06:02:50Z
43,"It ‚Äô s an experimental technology , what do you expect , moron sheep ! Report on the lady by local media that after the vaccine !!",2021-05-25T05:42:28Z
44,They literally said ‚Äú it ‚Äô s a good thing this ‚Äù because it are it well how is that good ??,2021-05-25T05:32:57Z
45,‚Äú They would have with or without the vaccine .‚Äù STOP lying !!,2021-05-25T05:18:02Z
46,Young people do not need this vaccine . Stop pushing it .,2021-05-25T05:16:07Z
47,"I was to get my first dose tomorrow , but now I am to postpone it till this new issue .",2021-05-25T05:13:01Z
48,me sick how stupid people are ! Did they not research what is in the shot ? Satanic must be laughing,2021-05-25T05:06:12Z
49,"Heart failure ( or inflammation as they are calling it here ) is NOT manageable . These are dying from heart failure 24 to 48 after the injection . This is NOT acceptable , the , ALL pharmaceutical . involved , ALL , , , and ALL media need to be brought up on of Against Humanity and tried in , !!!",2021-05-25T04:56:59Z
50,"take 7 - 12 before public availability Where ' s covID - 20 , 21 ?",2021-05-25T03:56:42Z
51,: - NECROTIC GENE ( ) SLOW DEATH VACCINE ... WARNING üò≥ü§îüò≥üëÄüëΩüëΩüëΩüëΩüëΩüëΩüëΩüëΩüëΩüëΩüëΩüëΩüëΩüëΩüëΩüê§üèõüèõüèõüèõüèõüèõüëΩüèõ,2021-05-29T18:11:07Z
52,test ' t for Covid testing,2021-05-28T14:11:19Z
53,"Oh .... small ? Not if it ' s ur ! Finish the investigation , before u scare poop , I ' m just saying .... do u see this reaction of myocarditis after other in the past ?! üò∑",2021-05-27T22:24:26Z
54,"All this is someone please tell me why no homeless people from covid , they dirty and don ' t wear no mask .",2021-05-26T18:15:03Z
55,No they say permanent heart cell damage is temporary and mild .,2021-05-26T16:26:26Z
56,üëèüëèüëèüíñüíñüíñ,2021-05-26T09:32:08Z
57,Just so we ' re clear when they say a few they really .,2021-05-25T23:10:56Z
58,A . 002 % death rate virus is RARE too but you ‚Äô re everyone you a $$ ! Meanwhile the is data to prop - up ‚Äú vaccine effectiveness .‚Äù,2021-05-25T21:34:46Z
59,"ü§®.. Wait ... The said in the past that it almost 20 , that ' s TWENTY , to develop a vaccine before it ' s safe for the public because of case that long term , can be studied ? .. Exactly , When did that change ?? .. & Human Guinea , Beware . Y ' all can have my dose ü§∑",2021-05-25T20:44:27Z
60,NOW MILITARY BASES IN IN EXCHANGE FOR THE VACCINE THIS IS AN AGENDA YOU ALL .... WATCH ABUSIVE VACCINE ON TO SEE WHAT ' S REALLY GOING ON,2021-05-25T20:31:18Z
61,"none of these are .... they are all , , people are giving their for this",2021-05-25T17:28:13Z
62,"All these happen in J & J and , so why are we still them ? Just use and and everyone will be fine . Why do we need the other two ?",2021-05-25T16:28:46Z
63,"God is in charge ! The flesh will never live forever , only the spirit !",2021-05-25T16:11:08Z
64,"It ' s not a few ,, its ,, but of course they will not report in it .. and there is nothing we can do accept not get it but the will make it mandatory for all ,, and then will die they will not fix it ,, they only care about the money , that ' s it !!!!",2021-05-25T14:48:10Z
65,"so , a survival rate of 99 , 7 % for people up to 70 . then it to 96 %. you know , like a bad flu strain . why should everyone be forced to take the again ? especially who are the least affected by this ? besides , in the they want to mandate the for care personnel because too many won ' t take it . and in they already it for the same reason . if and other don ' t want to take it maybe it ' s wise to ask why .",2021-05-25T14:35:15Z
66,How can this make the statement that the outweigh the risk when nobody the long - term and barely the short - term of the vaccine ?,2021-05-25T14:27:25Z
67,Why would we want this vaccine again ?,2021-05-25T13:19:46Z
68,Reading these most must be from . People this ignorant ' t watch this news station .,2021-05-25T12:15:23Z
69,My doc had to get the vaccine but she us not to get it yet . She said her brain and body ' t been right ever since ! My is 70 and got COVID last month . She had no cough . No fever . Only had a bad migraine and her blood pressure was elevated . That ' s all ! What is really going on ?,2021-05-25T11:15:17Z
70,Anyone with the Covid19 vaccine needs to be tried for against .,2021-05-25T11:02:14Z
71,"To NOT be concerned as a parent , is shameful neglect ! As a Health Official to not be concerned about this is CRIMINAL collusion with a clinical trial on mankind !",2021-05-25T10:57:33Z
72,Our / have been fine . No and few . Been in full swing since . The hysteria is unfounded .,2021-05-25T08:01:55Z
73,"Why are they just now this when was seeing the connection a month ago .üôÑ Show the data if we are talking transparency . "" Relatively few "" is extremely vague .",2021-05-25T07:43:43Z
74,DO NOT GIVE THESE TO . DANGEROUS ! BE VERY CONCERN ABOUT GIVING THESE TO YOUR . THAT ARE WILL NOT PERFORM AT THEIR HIGHEST POTENTIAL ... DANGEROUS !,2021-05-25T07:21:50Z
75,BAD,2021-05-25T06:51:34Z
76,"They the J & J vaccine with only six serious illness but they will continue to vaccinate when there are 18 teen in of heart inflammation . My understanding according to the , that are not at great risk for COVID - 19 , so should they take this time to pause the vaccination of to find out if the vaccine is causing / teens to develop Myocarditis , they had the same issue in now their Health Ministry is looking into the .",2021-05-25T06:31:41Z
77,"My take : if it ' s related to other as well , it might be inflammation by the development of the . As in , if they got COVID , they would probably suffer this condition from it . Thus , it ' s probably not specifically linked to the vaccine .",2021-05-25T06:19:07Z
78,Every under 12 classroom should have forced ventilation if they ' re going back without .,2021-05-25T06:00:18Z
79,"I am 100 % no . I am 100 % absolute sovereignty over my mind , body and soul to live spiritually enlightened and spiritually for the benefit of God ( I AM THAT I AM ) in the name of üôè 1 . Trust God first and foremost . 2 . Trust your immune system and take extremely good care of it the super natural way . 3 . Do not live in fear of anything in reality . Fear is 90 % an illusion and can actually trigger health in the mind , body and soul . 4 . NEVER trust men of immense wealth and power running . They almost never have your best life in mind . 5 . Learn to manifest healing and love and humility in the mind , body and soul . 6 . Become one with nature and take in the natural bacteria and microscopic decay in the air so your immune system everyday . 7 . IF all else , THEN die in peace naturally and never become a guinea pig üê∑ to any external of the of humanity ! 8 . When medicine goes back to extreme research based on natural üå± to heal the body and mind ; ONLY then will be taken seriously ! Profit should never be primary motive !",2021-05-25T05:53:12Z
80,"I am 100 % no . I am 100 % absolute sovereignty over my mind , body and soul to live spiritually enlightened and spiritually for the benefit of God ( I AM THAT I AM ) in the name of üôè 1 . Trust God first and foremost . 2 . Trust your immune system and take extremely good care of it the super natural way . 3 . Do not live in fear of anything in reality . Fear is 90 % an illusion and can actually trigger health in the mind , body and soul . 4 . NEVER trust men of immense wealth and power running . They almost never have your best life in mind . 5 . Learn to manifest healing and love and humility in the mind , body and soul . 6 . Become one with nature and take in the natural bacteria and microscopic decay in the air so your immune system everyday . 7 . IF all else , THEN die in peace naturally and never become a guinea pig üê∑ to any external of the of humanity ! 8 . When medicine goes back to extreme research based on natural üå± to heal the body and mind ; ONLY then will be taken seriously ! Profit should never be primary motive !",2021-05-25T05:53:04Z
81,"I am 100 % no . I am 100 % absolute sovereignty over my mind , body and soul to live spiritually enlightened and spiritually for the benefit of God ( I AM THAT I AM ) in the name of üôè 1 . Trust God first and foremost . 2 . Trust your immune system and take extremely good care of it the super natural way . 3 . Do not live in fear of anything in reality . Fear is 90 % an illusion and can actually trigger health in the mind , body and soul . 4 . NEVER trust men of immense wealth and power running . They almost never have your best life in mind . 5 . Learn to manifest healing and love and humility in the mind , body and soul . 6 . Become one with nature and take in the natural bacteria and microscopic decay in the air so your immune system everyday . 7 . IF all else , THEN die in peace naturally and never become a guinea pig üê∑ to any external of the of humanity ! 8 . When medicine goes back to extreme research based on natural üå± to heal the body and mind ; ONLY then will be taken seriously ! Profit should never be primary motive !",2021-05-25T05:52:55Z
82,"She ' s smart ! Right on the money . Have had that . But b4 Covid . Have a bad heart , but don ' t believe I had any cardiac from the !",2021-05-25T05:32:39Z
83,‚òÜ* Does anyone know Which brand of vaccine these Heart ?*,2021-05-25T04:54:45Z
84,""" Vaccine "" is more dangerous than the original",2021-05-25T04:28:30Z
85,If you ' re a bot up .,2021-05-25T03:44:40Z
86,I ' die b4 i take that vaccine .,2021-05-25T03:41:25Z
87,This taken on a life of its own . Why are they pressing for to be ? This is absurd .,2021-05-25T03:34:18Z
88,Where does this Crazy guy Bill comes from ?? He that he is a god . He cause all this on us . And his next big plan is to black the sun from the earth . Is that man real ????,2021-05-25T03:19:24Z
89,was in a lab in province,2021-05-25T03:14:14Z
90,"What a bunch of bull ****!!! Young people don ‚Äô t develop heart out of the blue . I understand how important it is to get back to normal , but they need to stop these side effects . I mean , think about the long list of side effects for prescription . These were tested for . Are we supposed to believe that a vaccine that was in development for one year ‚Äô t have any major side effects ?!?",2021-05-25T03:10:49Z
91,And you just have to wonder what other are up unreported . I guess we will find out in the coming . We,2021-05-25T03:07:26Z
92,"we don ' t need a vaccine we need -- Herd immunity when a large portion of a community ( the herd ) becomes immune to a disease , making the spread of disease from person to person unlikely . As a result , the whole community becomes ‚Äî not just those who are immune .",2021-05-25T03:06:52Z
93,"Myocarditis induced is one of of COVID - 19 . I had ¬Ω day of low / lowish basal with vaccine , but SpO2 % was . All side - effects were minor and over within 2 days .",2021-05-25T03:06:31Z
94,I believe that other may not be or even linking the to this myocarditis . This is a MUCH more serious problem than they ' re .,2021-05-25T03:00:42Z
95,"Great context . Everyone needs more than there salary to be financially stable . The best thing to do with your money is to invest it rightly , because money left for saving always end up used with no . I in mid 2020 with the help of a well - known - professional flora and the profit entirely funded my recent duplex .",2021-05-25T02:44:39Z
96,Young people are not in their body and their auto immune ability to fight the of the vaccine can be .,2021-05-25T02:44:01Z
97,"When if he ' d been .... : "" ... it ' s not a big deal "". üòÇüòÇüòÇüòÇüòÇüòÇüòÇüòÇüòÇüòÇ He ' t say yes !!! . Even ' t dumb enough to get this rushed vaccine .",2021-05-25T02:36:52Z
98,Ask,2021-05-25T02:29:26Z
99,How dare they stop EVEN if they are causing blood ! So much for following the science ‚Äô,2021-05-25T02:06:57Z
100,May be less severe than getting covid ? Heart inflammation ?!?! Such !! 50 % of the have the vaccine !,2021-05-25T02:05:17Z
101,Why should people bother to report adverse effect when you do nothing about it . I received and my effect and no one me .,2021-05-25T02:02:24Z
102,"As far as you ‚Äú sheep ‚Äù name ... how ridiculously stupid of you . I guess you never listen to or your boss or your pastor or or literally anyone else than you or with authority right ??? Grow the F up ! Psychology you ‚Äô re just going to find any ‚Äú research ‚Äù or science that already your bias and stance . Does that make it wrong or right ?? How do you know ? How do I know ? We don ‚Äô t . We do the best we can in trusting and faith into those who have MORE knowledge and education than us . I ‚Äô m tired of everyone acting like they ‚Äô re than , , . Conspiracy haven ‚Äô t kept you alive up until this point . Did you get cancer frOm that microwave in your kitchen to cook your chicken pot pie ? ‚Äô t think so . Did you fall off of the flat earth during your vacation cruise ? Thought not . I hate this . If we ALL want the truth , why are we at odds with one another ? I don ‚Äô t get people .",2021-05-25T01:45:40Z
103,"There are for the China virus . No vaccine , but somehow the conspiracy think they need to vaccinate the who have the highest chance of surviving the .",2021-05-25T01:40:17Z
104,,2021-05-25T01:40:16Z
105,‚ú®üá∫üá∏ü¶Ö TRUMP2020 ü¶Öüá∫üá∏‚ú®,2021-05-25T01:29:25Z
106,The killer jab will affect everyone from to elderly and they continue to push i wish the blind would wake up and stop wicked u as,2021-05-25T01:29:09Z
107,Oh its related to shameful . Tease out the murder of your son . I trust you . sheep stop,2021-05-25T01:28:08Z
108,Its swine flu all over ... more dead from then virus . funded gain of function research . And then from pushing . Dam sheep ewe dumb,2021-05-25T01:26:30Z
109,What u think they going to say it ' s it ' s nothing here till people start in number,2021-05-25T01:23:46Z
110,"* THE ARE SAFE !* You should definitely trust the vaccine . I mean , they ' t lie over and over and over again , would they ?: "" been a habitual offender , persistently engaging in illegal and corrupt marketing , and adverse trial ."" -",2021-05-25T01:14:23Z
111,push for this stupid 6th commission but they ' t interested in forming a similar commission to find out if covid actually came from The Institute of virology level 4 lab .,2021-05-25T01:13:43Z
112,"The old the young and the restless . , let move on .",2021-05-25T01:07:58Z
113,I ' m waiting really the should be it not just the . People would probably have more people if it was by the . Right now there is too many that are unsure of the side . I don ' t want to put my in danger when they don ' t even know the side . And for anybody to force or bully anybody to get the it ' s not right .,2021-05-25T01:07:42Z
114,"If you do not want grand , then giving the vaccine to your should be fine . Make . Bill happy .",2021-05-25T01:01:47Z
115,"Total depopulation of humanity . This is all demonic doing . Along with his demon tribe . He spoke about depopulation ago and how it would look like a virus just like the one at present . ‚Äô t it coincidental ? The whole world had millions of people die already . Yet , he to shut down the sun . I don ‚Äô t think so ... Almighty God is in control . should not be with a trial injection . Why do they keep saying vaccine ? It was never by . Just ridiculous that are being with unknown crap that will totally alter their which is a fact and ruin them altogether .",2021-05-25T00:59:57Z
116,Thank God we have the real in the when they ‚Äô t working their minimum wage .,2021-05-25T00:59:02Z
117,The MARK of the BEAST may be coming next !,2021-05-25T00:58:11Z
118,It ' s a sad day to see that no one God ... the life and truth is in the blood ... yet taking from an garden gnome who funded a lab to unleash a on humankind ... Follow the science üí¥üò∑üíâ,2021-05-25T00:57:09Z
119,"If you ‚Äô re against but still stop at red even when nobody is around , waiting for the light to tell you when you can go , you need to question why you ‚Äô re mad about one and not the other .",2021-05-25T00:56:36Z
120,So .... just keep sacrificing the while you investigate .,2021-05-25T00:51:24Z
121,"to use of 28 to confirm vaccine "" breakthrough "" an . But 40 is still for "" covid "" in unvaccinated ! * Ha ha ! How obvious can this get ?*",2021-05-25T00:47:16Z
122,It you wonder if the other are keeping it hush like many here in the U . S .. People are making great money in this ya know .,2021-05-25T00:42:55Z
123,"Why do I get this feeling that a year or two down the line , it ' s going to be that this vaccine was a huge mistake ...",2021-05-25T00:41:13Z
124,The same who told us for that don ' t cause health üëÄ,2021-05-25T00:38:36Z
125,üö´üíâüö´üò∑,2021-05-25T00:33:22Z
126,I am not an anti but ‚Ä¶‚Ä¶. Until the are proved safe I will not get one . But then again I am in and we freak out if we have one local transmission üá¶üá∫üá¶üá∫,2021-05-25T00:32:34Z
127,Thats why I ' m not getting,2021-05-25T00:31:47Z
128,It a bit crazy the US apparently forgotten there is still a pandemic going on .,2021-05-25T00:30:07Z
129,Talk to your Doctor first !,2021-05-25T00:27:55Z
130,"Check out the chosen the first season show the life of , free in the Store",2021-05-25T00:26:57Z
131,I ' m 33 and after I had covid I was these . After my vaccine it was so bad I went to hospital thinking I was a heart attack which I ' t thank God . One week after my second shot no more and feel better than ever .,2021-05-25T00:24:57Z
132,the ' ' and ' transparency ' in the same sentence is laughable C ' mon man,2021-05-25T00:23:39Z
133,What is the in that stuff,2021-05-25T00:23:11Z
134,Stop it don ' t let them test on your this is what,2021-05-25T00:20:21Z
135,This experimental booster cult is getting really weird . Are you all going to start wearing the same ?,2021-05-25T00:19:49Z
136,Stop lying .. is crack cocaine ...,2021-05-25T00:19:16Z
137,this virus supposed to be dangerous to older people and people with a immune system ... what ...,2021-05-25T00:18:51Z
138,People they ‚Äô re being transparent keep up with the data,2021-05-25T00:18:27Z
139,TELL THE TRUTH . ALL MATTER ... ARE NOT ACCEPTABLE . WE SHOULD HAVE INFORMATION IN ORDER TO MAKE INFORMED .,2021-05-25T00:17:25Z
140,This lady have the to say she is not concern as a mother over something like this .,2021-05-25T00:17:20Z
141,The young are not at risk so why risk an experimental vaccine ??,2021-05-25T00:14:11Z
142,get blood and men get heart ..,2021-05-25T00:11:50Z
143,Just follow the data people ... .. ü§¶üèª‚Äç‚ôÄÔ∏è This is what transparency is about ... people of all of the good & bad . Stay safe everyone & have a marvelous evening . üíïüíïüíïüíïüíïüíïüíï üíï,2021-05-25T00:11:33Z
144,I want to get mine but I may end up waiting a bit longer because of this . I ' m for but I think are going to be worried about the vaccine because of this .,2021-05-25T00:10:33Z
145,This is insane . Did mankind learn nothing from past ? There are 0 long term on this & the are astronomical . There is just not enough known .,2021-05-25T00:09:38Z
146,"Funny how some of the media ( like ) is running the White House they today regarding interim data on Covid , while other news ( to their credit ) are breaking wide open the lab story and virus coming from that lab ( funded by , , - , . right ?)",2021-05-25T00:08:04Z
147,"Human guinea willingly get "" the jab "" before doing some actual research .",2021-05-25T00:07:36Z
148,How is it possible that are going so great and basically getting COVID now is borderline impossible to do ‚Ä¶ yet we are only at 38 % fully ? OH ! I hear you already ‚Ä¶. 65 % of people have at least one shot ‚Ä¶ so you ‚Äô re saying 1 shot is good enough . .,2021-05-25T00:06:25Z
149,Just waiting for to admit covid came from a lab in . & the are in the process of confirming ... so at some point the at will have acknowledge the truth üíØü§£üñïüèΩ,2021-05-25T00:04:18Z
150,Atrium The Chamber . Great . Our .,2021-05-25T00:04:00Z
151,If many of us ' ' knew of heart inflammation with this vaccine ... a long time ago ... they surely must have known !,2021-05-29T15:55:16Z
152,Flu are only about 60 % effective and people take them yearly . Flu have rare side effects too that may you but people still take their flu . I don ' t see this is being any worse . Myocarditis with or without . 2 % of of sudden teenage find myocarditis .,2021-05-27T17:52:31Z
153,Some ignore so they might not let their or guardian until its to late,2021-05-26T05:22:30Z
154,"Death by without a parachute w / c0vid ---> c0vid death Death just after getting the shot ---> """""" just a coincidence """"""",2021-05-25T19:10:34Z
155,"If I die before I wake . I pray to the lord , my soul to take .",2021-05-25T18:51:08Z
156,Corona virus live update :// . be /,2021-05-25T18:15:24Z
157,What The News ‚Äô t Telling You Right Now üëá :// . . / watch ? v = X2M -,2021-05-25T13:19:52Z
158,"media in the US won ' t even call , . How can they with this .",2021-05-25T11:27:15Z
159,Anyone with the Covid19 vaccine needs to be tried for against .,2021-05-25T11:04:20Z
160,:// . be / plfh2IdruLs Real story,2021-05-25T07:25:14Z
161,"Of this guy were my pediatrician and I him say this , we ‚Äô d be finding another doctor .",2021-05-25T02:14:46Z
162,"F you , no sticking that creepy questionable crap into my arm let alone myself .",2021-05-25T02:12:12Z
163,A small number is all they ' re willing to disclose .,2021-05-25T02:01:26Z
164,"This is not a rare problem . The government is trying to cover it up . As more and more innocent get the gene therapy , we will see a huge rise in these inflammation , leading to multiple . Just watch .",2021-05-24T21:07:53Z
165,"I can ' t believe people watch this trash , I just to see how the lying sob ' s twist it !!! Keep watching sheep you can get on the train real soon !!",2021-05-24T19:50:10Z
166,Any are one too many . Your talking about people ‚Äô s . So they are considering some people ? What are they pushing this vaccine üíâ the jab ? They ‚Äô t telling people everything !,2021-05-24T17:57:18Z
167,! These not been tested long enough and we do not know what the side effects will be long - term,2021-05-24T17:33:46Z
168,My point is why was this not set up front before they start screaming to have the ?,2021-05-24T17:32:23Z
169,So they still want to vaccinate even though it can cause heart and they do not know the long - term effects ? This is a because the new variant very quickly if you ' re not so that leaves all of our 12 and below at risk and they don ' t seem to care about that because we are dropping the mask mandate .,2021-05-24T17:31:08Z
170,"""... Probe Of Rare Heart Inflammation In ( Covid ) Teens "" us , the people of , to redouble our to rapidly find out at any given moment , even while On - Line , who among us are unwittingly contagious ( i . e . - symptomatic or asymptomatic ) in order to # for them to call their doctor and to self - quarantine per in of stopping this pandemic instead of more # . Thus , we ' re for the best while for the worse - case scenario of the B . 1 . 1 . 7 lineage and like the P . 1 , B . 1 . 135 , B . 1 . 351 , B . 1 . 429 , B . 1 . 525 , & B . 1 . 617 . 1 - 3 lineage combining to render current COVID no longer effective .",2021-05-24T17:05:39Z
171,"Thank You Father God for Your amazing love and grace . I pray that you meet the needs of anyone reading this comment , help them to choose you till you return In name I pray . Amen .",2021-05-24T16:47:29Z
172,Heart inflammation and are a very common side effect of the vaccine among ALL of people taking it .,2021-05-24T16:47:15Z
173,The loss of 100 ' s of is a LIE,2021-05-24T15:48:46Z
174,"The Brit think it is related . But , this unemployed doctor is better than them surely . This guy is rich and white ! Trust him . C ' mon man !",2021-05-24T15:36:55Z
175,1 2021 üòä,2021-05-24T14:51:58Z
176,Alternative media is saying do not take the vaccine ... they are right .,2021-05-24T14:31:30Z
177,media will bury this story by,2021-05-24T14:29:31Z
178,with the vaccine ? No ' t be they said it was safe üòÜ,2021-05-24T14:25:17Z
179,Is it a small number if it to your ?,2021-05-24T14:15:44Z
180,"Nonsense ! I am in the cardiology hospital in Dunstable hospital and next to me there is a Lord from next to me , who was with the vaccine . got 27h after the second dose . There are currently 6 people here who got a new heart after vaccination . I secretly like a nurse . I don ' t want to scare you , but who to know the truth . And don ' t be by the media .",2021-05-29T20:15:49Z
181,The were corrupt from the start he and the testing and the number of inaccurate death .,2021-05-29T15:57:09Z
182,30 have a day in the last 4 from the vaccination that is currently happening . this is according to the of adverse reaction to in the . to put in perspective . close to 3500 people have and been as . in 2018 150 people as a result of adverse reaction to given in a whole year 12 . these are coming from,2021-05-28T04:56:22Z
183,Covid is man made thanks,2021-05-27T23:31:23Z
184,I just got my first dose I can barely breath now i wish I never got it but my forced me to take it,2021-05-27T22:39:21Z
185,young people that don ' t need it is criminal .,2021-05-27T19:08:55Z
186,So these ‚Äô t have any prior and after getting the shot they had a heart issue but they ‚Äô re trying to say it probably ‚Äô t linked to the vaccine ?!! What ?!!,2021-05-27T18:41:12Z
187,"given that the pandemic was a event , ' t it stand to reason that the vaccine would into a apocalypse",2021-05-27T17:02:40Z
188,good luck getting any help You your life away before you took the vaccine you can ' t hold the company accountable ... I will not take the vaccine ... ever,2021-05-27T15:45:44Z
189,""" Just several dozen "" better than 36 .... If it was your child , I don ' t think you would be to know that their HEART MUSCLE was enlarged mildly . propaganda as usual trying to head off any and your before the public to demand . Everyone relax , nothing to see here .",2021-05-27T13:16:26Z
190,Subscribe to !,2021-05-27T11:21:37Z
191,,2021-05-27T10:22:10Z
192,"amazed the media will even report on this , usually they just do their best to shill . Maybe one day we ' get actual that mention stuff like the of people who ' from corona after taking the corona vaccine ... oh who am I , you already know they ' d never betray the at the or WHO or China",2021-05-27T07:04:50Z
193,2 . 0 will commence soon .,2021-05-27T06:50:11Z
194,is a joke ! üá∫üá∏üá¨üáß,2021-05-27T06:05:55Z
195,... Nobody to the except you ! ü§°ü§°ü§°,2021-05-27T06:05:39Z
196,Making me regret getting this vaccine,2021-05-27T02:24:56Z
197,"If by "" "" you mean "" to sweep under the rug .""",2021-05-27T02:11:36Z
198,You be the sheep to take this vaccine .,2021-05-27T02:05:31Z
199,"Yes , get your information from a "" news "" source that ' t understand basic grammar .",2021-05-27T01:19:26Z
200,"Everyone must read the fact by the vaccine . On their it you they are not . It you the side effects and adverse that people are going through right now . If you think a vaccine needs to be mandatory then this should change your mind . I just copy and pasted what is on the fact sheet for , , and J & J . Serious adverse are defined as : ‚Ä¢ Death ; ‚Ä¢ A life - threatening adverse event ; ‚Ä¢ Inpatient hospitalization or prolongation of hospitalization ; ‚Ä¢ A persistent or significant incapacity or substantial disruption of the ability to conduct normal life ; ‚Ä¢ A congenital anomaly / birth defect ; ‚Ä¢ An important medical event that based on appropriate medical may jeopardize the individual and may require medical or surgical intervention to prevent one of the listed above . :// . . / . ? id = 14471 & format = &- page = 12",2021-05-27T01:11:29Z
201,' S DEAD ..... NOT COMING BACK . MUST SECEDE NOW,2021-05-27T00:55:37Z
202,"üíïüíïüíïüíû If you are reading this :üíïüíïüíïüíû BE BLESSED WITH AN AWESOME LIFE !!!! x 1 , 000 , 000 !!!!üíûüíïüíïüíïüíïüíïüíïüíïüíïüíïüíïüíïüíïüíïüíïüíïüíï",2021-05-27T00:50:19Z
203,What this world come too ?,2021-05-27T00:08:44Z
204,"So , all the people that rushed to get an under tested vaccine are now the same people suffering side effects ? Weird . Almost like people them about this .",2021-05-26T23:35:00Z
205,"The miraculous human body is capable of its own vaccine for any virus üôè‚ù§ webber miracle of distilled water ,, go to 40 of video for on how to cure virus .",2021-05-26T23:05:10Z
206,"Notice how they emphasize ‚Äú rare ‚Äù ?? , I hope all the who exposed this in the past get re - . All of a sudden it ‚Äô s now for the news to report what was already known ago ? While people got and for it ?!",2021-05-26T22:12:07Z
207,"Psalm 119 : 113 - 120 113 I hate vain : but thy law do I love . 114 Thou art my place and my shield : I hope in thy word . 115 Depart from me , ye : for I will keep the of my God . 116 Uphold me according unto thy word , that I may live : and let me not be ashamed of my hope . 117 Hold thou me up , and I shall be safe : and I will have respect unto thy continually . 118 Thou trodden down all them that err from thy : for their deceit is falsehood . 119 Thou away all the wicked of the earth like dross : therefore I love thy . 120 My flesh for fear of thee ; and I am afraid of thy . Psalm 119 : 163 163 I hate and abhor lying : but thy law do I love .",2021-05-26T21:55:06Z
208,"Chapter 3 1 O foolish , who hath you , that ye should not obey the truth , before whose hath been evidently set forth crucified with you ? 2 This only would I learn of you , Receive ye the Spirit by the works of the law , or by the hearing of faith ? 3 Are ye so foolish ? begun in the Spirit , are ye now made perfect by the flesh ? 4 Have ye so many in vain ? if it be yet in vain . 5 He therefore that to you the Spirit , and among you , he it by works of the law , or by hearing of faith ? 6 Even as God , and it was to him for righteousness . 7 Know ye therefore that they which are of faith , the same are the of . 8 And the scripture , that God would justify the heathen through faith before the gospel unto , saying , In thee shall all be blessed . 9 So then they which be of the faith are blessed with faithful . 10 For as many as are of the works of the law are under the curse : for it is written , Cursed is every one that not in all which are written in the book of the law to do them . 11 But that no man is by the law in the sight of God , It is evident : for , The just shall live by faith . 12 And the law is not of faith : but , the man that them shall live in them . 13 hath us from the curse of the law , being made a curse for us : for it is written , Cursed is every one that on a tree ; 14 That the blessing of might come on the through ; that we might receive the promise of the Spirit through faith . 15 Brethren , I speak after the manner of men ; Though it be but a man ‚Äô s covenant , yet if it be confirmed , no man , or thereto . 16 Now to and his seed were the made . He not , And to , as of many ; but as of one , And to thy seed , which is . 17 And this I say , that the covenant , that was confirmed before of God in , the law , which was four hundred and thirty after , cannot disannul , that it should make the promise of none effect . 18 For if the inheritance be of the law , it is no more of promise : but God gave it to by promise . 19 Wherefore then the law ? It was added because of , till the seed should come to whom the promise was made ; and it was by in the hand of a mediator . 20 Now a mediator is not a mediator of one , but God is one . 21 Is the law then against the of God ? God forbid : for if there had been a law given which could have given life , verily righteousness should have been by the law . 22 But the scripture hath all under sin , that the promise by faith of might be given of them that believe . 23 But before faith came , we were kept under the law , shut up unto the faith which should afterwards be revealed . 24 Wherefore the law was our schoolmaster to bring us unto , that we might be by faith . 25 But after that faith is come , we are no longer under a schoolmaster . 26 For ye are all the of God by faith in . 27 For as many of you as have been into have put on . 28 There is neither nor , there is neither bond nor free , There is neither male nor female : for ye are all one in . 29 And if ye be in ‚Äô s , then are ye ‚Äô s seed , and according to the promise .",2021-05-26T21:54:37Z
209,,2021-05-26T20:57:44Z
210,"Everyone for covid will DIE , virologist Everyone for covid will DIE , virologist There is no chance of long - term survival for anyone who received a ( Covid - 19 ) injection , according to leading virologist . Everyone who is getting jabbed for the Virus will die , he reportedly stated during a recent interview , which you can watch below at . . ‚Äú There is no hope and no possible treatment for those who have already been ,‚Äù stated plainly during the segment . ‚Äú We must be prepared to cremate the .‚Äù and read ... After at length the in the and what they do , came to the conclusion that every single person who the shot will eventually die from antibody - dependent enhancement , or ADE . ‚Äú That is all that can be said ,‚Äù he added .",2021-05-26T20:41:08Z
211,another typo in the,2021-05-26T20:40:28Z
212,* *,2021-05-26T20:30:45Z
213,that ' s like cyberpunk2077 into your body,2021-05-26T18:15:04Z
214,"1 14 : 33 For God is not the author of confusion , but of peace , as in all of the .",2021-05-26T17:30:28Z
215,is raping this nation ‚úîÔ∏è,2021-05-26T17:20:15Z
216,"The adverse are normal , line up ! Could be dying from the jab is the least of your .",2021-05-26T16:16:48Z
217,to testify in front of congress . Guess who is going to jail for against humanity !!! Him and ' Billy boy don ' t have much time left . Bill is his money with or she given up on the charade and her life back since Bill is a p ed0 file and went to Island on many . They are all going down !,2021-05-26T16:13:12Z
218,": No , they ' re young and can take it .",2021-05-26T16:12:38Z
219,How many ‚Äú rare ‚Äù of vaccine negative effects does it take to be not so rare ...? How long until people get educated and inform themselves ?,2021-05-26T14:29:55Z
220,""" """,2021-05-26T14:25:16Z
221,This is racist,2021-05-26T13:29:23Z
222,The center for division corporation ( ) is an alphabet agency put there to deceive the public .,2021-05-26T12:48:35Z
223,What ' s at stake when you get jabbed !!(( this vaccine IS NOT SAFE,2021-05-26T11:23:43Z
224,Not covid : !,2021-05-26T09:32:45Z
225,You can ' t speak the truth . They call you a conspiracy . Investigate this . The United was formed as a corporation in 1871 . We actually live in a capitalist country . That within itself should speak,2021-05-26T08:25:13Z
226,My Body My Choice no jab today no jab Tomorrow no jab ever,2021-05-26T06:13:30Z
227,Stop lying !,2021-05-26T05:23:07Z
228,thats what when that make defective baby powder and dish soap make ..,2021-05-26T04:51:18Z
229,Not as rare as you think ...,2021-05-26T03:05:45Z
230,It ' s only rare because the pharmaceutical just it,2021-05-26T02:59:02Z
231,""" Just several """,2021-05-26T02:40:23Z
232,"üöó car crash ü§î covid üõ¥ scooter accident ü§î covid everything = covid , bunch of sheep üêëüêëüêëüêë being fed by the üê©",2021-05-26T02:28:22Z
233,"you are now myocarditis ? I just did a quick search and I found1496 distinct whose mention myocarditis . Keep the word "" rare .'",2021-05-26T02:21:25Z
234,"Man Made Virus , Man Made Bad Vaccine",2021-05-26T02:14:06Z
235,:// . be / W1CyMXURgGc video at 17,2021-05-26T02:01:55Z
236,# 1 - It ' s not as rare as they are . # 2 - and have because they ' the the are run at and have scaled back the number of as COVID .,2021-05-26T01:53:57Z
237,What about the people who are becoming magnetic ?,2021-05-26T01:16:03Z
238,They are giving your without your knowledge or consent . Let that sink in .,2021-05-26T00:39:27Z
239,"Yeah , it ' s NOT rare in this poison shot . If you look at the true of people who have had and DEATH from this gene therapy ( by definition it ' t a vaccine ) it should never be used . Ever .",2021-05-26T00:13:56Z
240,""" The was Not brought in for Covid , Covid was brought in for the . Once you realize that , everything else sense "" - . Attorney for Covid Against Humanity .",2021-05-26T00:04:09Z
241,""" If someone WITH covid - 19 , we are counting that ."" - Direct quote from . at the Task Force press conference . You could literally make a stuffy nose the leading cause of death this rule .",2021-05-26T00:02:46Z
242,"The Covid "" vaccine "" never been , it ' s been authorized , an emergency authorization which it in the category of a medical experiment . ( I don ' t take ) On 11 , 2020 , the an Emergency Use Authorization ( ) for the use of the - COVID - 19 Vaccine . On 18 , 2020 , the an for the use of the COVID - 19 Vaccine . And on 27 , 2021 the an for the use of the COVID - 19 Vaccine . The issuance of an is different than an approval ( licensure ) of a vaccine .",2021-05-26T00:01:36Z
243,AND NATIVE 12 OF WE ARE GOD CHOSEN PEOPLE THE REAL OF THE,2021-05-25T23:42:14Z
244,"Right , it ' s "" rare "". And the ' t lied about the death rate ( 95 % of Covid were due to , source : ) or exaggerated the infection rate ( , source WHO / ) either .",2021-05-25T23:40:22Z
245,"Pay careful attention to the new at business , they say are and some say please wear them . anyway . I ‚Äô chosen to not wear it and not a word was said .",2021-05-25T23:35:59Z
246,"I wish people would think for themselves , it ‚Äô s just common sense to me not to take a that ‚Äô s only been out for 5 or so , I mean what ‚Äô d you expect , pharmaceutical ‚Äô t liable for any damages . HUGE red flag . Our water , ‚Äô s in our food , deodorant , bath wash , it ‚Äô s all designed to give us and unhealthy so we take prescription and more and more . It ‚Äô s sad",2021-05-25T23:17:45Z
247,"12K , just over 200 ...",2021-05-25T22:52:07Z
248,disgusting for to let your child get this,2021-05-25T22:32:00Z
249,When can they be liable ?,2021-05-25T22:28:41Z
250,media never the word case I guess when they use the word it someone tested positive covid - 19,2021-05-25T22:23:42Z
251,"If only they went out their way to cure , cancer , and diabetes . But that in too much money .",2021-05-25T22:13:11Z
252,It ' s not rare . Lying to you you . Give it time and you ' regret taking that shot,2021-05-25T22:11:38Z
253,It ‚Äô s working exactly how it was designed .,2021-05-25T21:37:48Z
254,propaganda . All and drug .,2021-05-25T21:22:27Z
255,"24 : 14 - 33 14 Now therefore fear the Lord , and serve him in sincerity and in truth : and put away the which your on the other side of the flood , and in : serve ye the Lord . 15 And if it seem evil unto you to serve the Lord , choose you this day whom ye will serve ; whether the which your that were on the other side of the flood , or the of the , in whose land ye dwell : but as for me and my house , we will serve the Lord . 16 And the people and said , God forbid that we should forsake the Lord , to serve other ; 17 For the Lord our God , he it is that brought us up and our out of the land of , from the house of bondage , and which did those great in our sight , and us in all the way wherein we went , and among all the people through whom we : 18 And the Lord drove out from before us all the people , even the which dwelt in the land : therefore will we also serve the Lord ; for he is our God . 19 And said unto the people , Ye cannot serve the Lord : for he is a holy God ; he is a jealous God ; he will not forgive your nor your . 20 If ye forsake the Lord , and serve strange , then he will turn and do you hurt , and consume you , after that he hath done you good . 21 And the people said unto , Nay : but we will serve the Lord . 22 And said unto the people , Ye are against yourselves that ye have chosen you the Lord , to serve him . And they said , We are . 23 Now therefore put away , said he , the strange which are among you , and incline your heart unto the Lord God of . 24 And the people said unto , The Lord our God will we serve , and his voice will we obey . 25 So made a covenant with the people that day , and set them a statute and an ordinance in . 26 And wrote these in the book of the law of God , and took a great stone , and set it up there under an oak , that was by the sanctuary of the Lord . 27 And said unto all the people , Behold , this stone shall be a witness unto us ; for it hath all the of the Lord which he spoke unto us : it shall be therefore a witness unto you , lest ye deny your God . 28 So let the people depart , every man unto his inheritance . 29 And it came to pass after these , that the son of Nun , the servant of the Lord , , being a hundred and ten old . 30 And they buried him in the border of his inheritance in - , which is in mount , on the north side of the hill of . 31 And the Lord all the days of , and all the days of the that over lived , and which had known all the works of the Lord , that he had done for . 32 And the of , which the of brought up out of , buried they in , in a parcel of ground which brought of the sons of the father of for a hundred of silver : and it the inheritance of the of . 33 And the son of ; and they buried him in a hill that to his son , which was given him in mount .",2021-05-25T21:02:35Z
256,"Chapter 2 1 Then fourteen after I went up again to with , and took with me also . 2 And I went up by revelation , and unto them that gospel which I preach among the , but privately to them which were of reputation , lest by any I should run , or had run , in vain . 3 But neither , who was with me , being a , was to be : 4 And that because of false brethren unawares brought in , who came in privily to spy out our liberty which we have in , that they might bring us into bondage : 5 To whom we gave place by subjection , no , not for an hour ; that the truth of the gospel might continue with you . 6 But of these who to be somewhat , ( whatsoever they were , it no matter to me : God no man ‚Äô s person ) for they who to be somewhat in conference added nothing to me : 7 But contra wise , when they saw that the gospel of the uncircumcision was unto me , as the gospel of the circumcision was unto Peter ; 8 ( For he that wrought effectually in Peter to the apostleship of the circumcision , the same was mighty in me toward the ) 9 And when , , and , who to be , the grace that was given unto me , they gave to me and the right of fellowship ; that we should go unto the heathen , and they unto the circumcision . 10 Only they would that we should remember the poor : the same which I also was forward to do . 11 But when Peter was come to , I withstood him to the face , because he was to be blamed . 12 For before that certain came from , he did eat with the : but when they were come , he and himself , them which were of the circumcision . 13 And the other likewise with him ; insomuch that also was carried away with their dissimulation . 14 But when I saw that they not uprightly according to the truth of the gospel , I said unto Peter before them all , if thou , being a , after the manner of , and not as do the , why thou the to live as do the ? 15 We who are by nature , and not of the , 16 Knowing that a man is not by the works of the law , but by the faith of , even we have in , that we might be by the faith of , and not by the works of the law : for by the works of the law shall no flesh be . 17 But if , while we seek to be by , we ourselves also are found , is therefore the minister of sin ? God forbid . 18 For if I build again the which I , I make myself a transgressor . 19 For I through the law am dead to the law , that I might live unto God . 20 I am crucified with : nevertheless I live ; yet not I , but in me : and the life which I now live by the faith of the Son of God , who me , and gave himself for me . 21 I do not frustrate the grace of God : for if righteousness come by the law , then is dead in vain .",2021-05-25T21:02:18Z
257,"Chapter 2 1 Then fourteen after I went up again to with , and took with me also . 2 And I went up by revelation , and unto them that gospel which I preach among the , but privately to them which were of reputation , lest by any I should run , or had run , in vain . 3 But neither , who was with me , being a , was to be : 4 And that because of false brethren unawares brought in , who came in privily to spy out our liberty which we have in , that they might bring us into bondage : 5 To whom we gave place by subjection , no , not for an hour ; that the truth of the gospel might continue with you . 6 But of these who to be somewhat , ( whatsoever they were , it no matter to me : God no man ‚Äô s person ) for they who to be somewhat in conference added nothing to me : 7 But contra wise , when they saw that the gospel of the uncircumcision was unto me , as the gospel of the circumcision was unto Peter ; 8 ( For he that wrought effectually in Peter to the apostleship of the circumcision , the same was mighty in me toward the ) 9 And when , , and , who to be , the grace that was given unto me , they gave to me and the right of fellowship ; that we should go unto the heathen , and they unto the circumcision . 10 Only they would that we should remember the poor : the same which I also was forward to do . 11 But when Peter was come to , I withstood him to the face , because he was to be blamed . 12 For before that certain came from , he did eat with the : but when they were come , he and himself , them which were of the circumcision . 13 And the other likewise with him ; insomuch that also was carried away with their dissimulation . 14 But when I saw that they not uprightly according to the truth of the gospel , I said unto Peter before them all , if thou , being a , after the manner of , and not as do the , why thou the to live as do the ? 15 We who are by nature , and not of the , 16 Knowing that a man is not by the works of the law , but by the faith of , even we have in , that we might be by the faith of , and not by the works of the law : for by the works of the law shall no flesh be . 17 But if , while we seek to be by , we ourselves also are found , is therefore the minister of sin ? God forbid . 18 For if I build again the which I , I make myself a transgressor . 19 For I through the law am dead to the law , that I might live unto God . 20 I am crucified with : nevertheless I live ; yet not I , but in me : and the life which I now live by the faith of the Son of God , who me , and gave himself for me . 21 I do not frustrate the grace of God : for if righteousness come by the law , then is dead in vain .",2021-05-25T20:59:49Z
258,"My niece was about this after getting second dose , so I know it ‚Äô s for real .",2021-05-25T20:56:13Z
259,The most documentary on the ... * : The Last Battle * Use . Find it . Watch it .,2021-05-25T20:52:56Z
260,""" a small number "". Per the , over 4 , 600 have after being with China Virus vaccine . So , per the , 4 , 600 + dead is "" a small number "". . and the have their "" expert "" on China Virus so many times it ' s like watching a tennis match . Now they hope you won ' t notice this . Something _not_ by the Leftist Propaganda Media : _over 4 , 600 have after getting the China Virus vaccine_ . That ' s from the . A small percentage , but not insignificant - particularly not insignificant to the of over 4 , 600 who have . This is not from a "" right - wing "" source - it ' s from the itself . The had to publish because they see what . got himself into by public information . - "" Over 259 million of COVID - 19 were in the United from 14 , 2020 , through May 17 , 2021 . During this time , received 4 , 647 of death ( 0 . 0017 %) among people who received a COVID - 19 vaccine . "" :// . . / / 2019 - / / safety / adverse - . "" Illegal don ' t carry China Virus . They don ' t even get it , not at all . Something about the water in the Rio ... So them in and dumping them randomly in across the country ' t the mother of all super - spreader ."" - illegitimate President Joe "" you ' t Pasteur """,2021-05-25T20:34:33Z
261,"Dont worry everyone , the just only 100 % of the ferret test when testing these in 1 . 5 ; you made the right choice .",2021-05-25T19:18:52Z
262,"Vaccine will lie and say "" safe and effective "" Line your up sheep ! They need to join the herd . Obey !",2021-05-25T17:49:04Z
263,"I ‚Äô m 20 and healthy and got my vaccine in / March . This is exactly what to me , very scary stuff . Ended up going to the emergency room because I was worried I was a heart attack .",2021-05-25T16:13:53Z
264,"Crazy . . But we see how well "" "" have brought up their . Lack of education .. many with zero education , but a ton of and voting ? And "" thinking "" Youth needs to be with a "" test "" protein spiked , never been used before , vaccine method . , real smart . Unless there is HIGH risk for not taking it , an experimental drug should not be taken . But the insist .",2021-05-25T14:12:08Z
265,Minor chance of from new vaccine : no big deal . Minor chance of catching covid : THE WORLD,2021-05-25T14:10:54Z
266,"So far , 18 in alone have been for heart inflammation . Is this a "" small number "", for a condition that is ordinarily very rare ? How many throughout the country at this point have there been ... ? "" Several "" is an evasive way of not giving actual . Even if these are considered "" mild "", what are the long - term effects of had inflammation of the heart at an early age ? Is this an acceptable risk for a virus that so few have serious with ? Apparently , I have many that this media outlet will likely not answer . Article about the in : :// . . / news / health / / could - the - covid - vaccine - enlarge - hearts - in - - more - than - a - dozen - - in - - - investigating /",2021-05-25T10:10:36Z
267,I don ' t trust it for my,2021-05-25T04:39:14Z
268,This to do with the heart ! How can it not be serious ! I have no ..,2021-05-25T00:52:11Z
269,May God bless her and her family I hope she better soon üôèüèΩ‚úùÔ∏è‚ù§Ô∏è‚ù§Ô∏è,2021-05-25T00:10:33Z
270,"US Covid 604 , 365 New 26 . The don ' t lie . Stop blaming China and the WHO simple 3 point plan . How more simple did it have to be for to understand ?",2021-05-25T00:07:55Z
271,"We live in a generation where teasing and laughing at is the norm . , Anti - and Anti - who never wear are now they ' re . Over 11 days in , 230 and 12 which ' t even half the 600 daily US Covid death toll . Covid US 604 , 365 307 , 249 221 , 647 Canada 25 , 242 China 4 , 636 910 29 26 .",2021-05-25T00:07:42Z
272,""" Several dozen "" have had adverse yet no one "" "" the vaccine . But 6 have and they halt J & J .",2021-05-24T23:57:48Z
273,This is ü§¶üèæ‚Äç‚ôÄÔ∏è,2021-05-24T21:34:04Z
274,"I don ‚Äô t care even if one person this issue , i am worried if that person is me",2021-05-24T21:30:11Z
275,Only small number of . We need more sheep üêë to join !! Let ‚Äô s go .,2021-05-24T21:21:29Z
276,At this point they are poisoning people on purpose üòÖ,2021-05-24T20:09:52Z
277,.,2021-05-24T19:57:08Z
278,If it was rare why is it all over the news,2021-05-24T19:25:00Z
279,"News in ! I don ' t need to wear a mask also . Need not consent . Need not permission . Need not all under the universe . But you simpleton sheep out in land , need to bow down faster .",2021-05-24T19:24:50Z
280,"Here we go . Let ‚Äô s provide cover for , , and new due to . Good job media . üëç",2021-05-26T18:22:06Z
281,It ‚Äô s beyond crazy they have not vaccination . Does whole human population have to die for them to be satisfied ?,2021-05-25T23:40:51Z
282,You mean a vaccine that was rushed and not is causing health ?üò±,2021-05-25T13:24:21Z
283,And that ‚Äô s just another reason I ‚Äô m not getting it !! I already have heart .,2021-05-25T05:55:01Z
284,thats right just keep everything in perspective after all you get in your car every day and take a chance and look how many die in car you have no right to question it,2021-05-25T02:23:46Z
285,6 is too many,2021-05-25T01:04:41Z
286,WHAT ABOUT THAT I SAW GETTING WHO CANNOT SPEAK ON HOW THEY FEEL AFTER TAKING THE ... SEE THE UP TO HUMAN HEART .. BUT YET WHO IS CORRUPT ... IS STILL SAYING THAT THE IS STILL GOOD TO TAKE REALLY ?????? MOTHER .....???????? .,2021-05-25T00:58:02Z
287,AM NOT SURPRISE ABOUT HEART .... NOT SURPRISE ....,2021-05-25T00:54:40Z
288,18 year old from that on March 5 and was on march 2 his discovered him dead in his bed with no underlying after he took Think I ‚Äô m lying here is the report Id 1078352 - 1 he literally told his his chest hurt before they found him dead the next morning,2021-05-24T23:12:36Z
289,"People have gotten myocarditis from COVID and other too . All have side effects , death . People are acting like this is the first vaccine to have side effects . As for not being accountable that ‚Äô t new either . When most cause harm , the pharmaceutical that make them can be in product liability . But that ' t the case with . In 1986 , Congress a law that vaccine from being in civil personal injury and wrongful death resulting from vaccine . Both and federal government admit that although are with the purpose of keeping the public safe , they can cause rare but serious , and sometimes fatal , side effects . In the 1970s and 80s , out millions to in of vaccine - related injury . The litigation was complex and expensive because of how difficult it is to show epidemiological cause and effect in these . Eventually , some decided to stop making altogether . This drew alarm from public health , who worried about sustaining and also the development of new . The National Childhood Vaccine Injury Act Congress stepped in with the National Childhood Vaccine Injury Act of 1986 ( the Vaccine Act ) as a way to ensure that the injured would receive compensation , but also to protect from open - ended liability . In 2011 , an important United Supreme Court ruling the type of vaccine are from under the Vaccine Act . In a 6 - 2 decision , the Court that the federal law from design - defect as long as the vaccine was properly and carried adequate",2021-05-24T22:50:56Z
290,Free will cure the myocarditis . No üç©,2021-05-24T13:35:04Z
291,Anyone else seeing a pattern ? Same story just a few out of a million then a few from now that few will be many !,2021-05-24T08:46:19Z
292,Won ' t take the vaccine and never will . Here comes the truth aka the side effects,2021-05-24T01:32:13Z
293,And this is why it ' s not . I would love for it to be so that I can see a real vaccine commercial all of the side effects . That way I can make a real informed decision .,2021-05-23T23:40:58Z
294,ladies and ! I present to you equitable health care ! Poison the healthy ! Only equal outcome and sickness for all !,2021-05-23T23:06:02Z
295,MYOCARDITIS LONG TERM EFFECTS !!! YOU ALL ARE SCREWED,2021-05-23T22:12:11Z
296,ITS ONLY HAPPENING TO THE WHO TAKE IT . DO NOT GIVE YOUR THIS POISON . DONT TAKE IT YOURSELF,2021-05-23T22:10:59Z
297,"I ' get the vaccine but will wait a year or two , some of these side effects don ' t show up for a long time .",2021-05-23T21:24:48Z
298,I wonder how much they are actually üíÄ,2021-05-23T21:06:52Z
299,"Now tell us why are being told by the state to call elderly "" due to unknown cause ""? Could this be seen with autopsy which are not being done ?",2021-05-23T21:02:01Z
300,Any case of myocarditis is bad . Long term always come up .,2021-05-23T20:59:56Z
301,What this is they dont give a about these six people because millions had it and are ‚Äú fine ‚Äù,2021-05-23T19:33:23Z
302,18 year old found dead after vaccine on the and the night before of heart and chest pain very sad,2021-05-23T19:31:57Z
303,"I salute all of you live guinea !! Valuable data for me to choose what to do , many from now .",2021-05-23T19:05:17Z
304,"Weird , rushed are dangerous . Who would have thought .",2021-05-23T17:57:13Z
305,"Then this lady gone say 6 out of millions . yoy don ' t know if its only 6 , bet it a ton more but they don ' t blame it on the . All these guinea but they ' believe these over conspiracy üòÇ. The ' s always on point but they crazy though huh . "" I Am Legend "" experiment .",2021-05-23T14:23:38Z
306,oh but it ' s safe and you ' re just a conspiracy theorist if you suggest otherwise .,2021-05-23T14:10:27Z
307,"These type of side effects simply the vaccine is working . In addition , we already have evidence that vaccine induced myocarditis can be pharmacologically if necessary .",2021-05-23T08:45:59Z
308,Yet another vaccine problem to add to my list .,2021-05-22T16:57:46Z
309,"lied about and risk Hospital $ 19 , 000 per positive test Follow the money",2021-05-22T15:41:39Z
310,"Once the human are over , it will be safe to give to lab .",2021-05-22T13:51:16Z
311,"Hence , just one more reason why I am not taking the vaccine .",2021-05-22T09:25:31Z
312,Run for your people ! Do not take the poisonous jab . They want to use it for massive depopulation . You are being lied to . Wake up sheep ! Do your research ...,2021-05-22T09:13:58Z
313,Yes the perspective is these cause paralyzation heart and blood,2021-05-22T09:07:09Z
314,"Well !! Is channel 12 starting to tell a little bit of truth ?? As all of you know , people are waking up ! So YOU better STOP LYING TO YOUR !! Are any of you ‚Äú ‚Äù smart enough , to a tiny bit of research ? If so , you ‚Äô d be wise to check out what IS TRUE , in the & !! Because the refer to the Lying Fake News Media !! Many people from the media are being & have been Put To Death !! Would you like to know why , ? Here is a bit of what Code 1 to say about YOU , ! And for Governor Brown & !! Many MEDIA , Political & NON - medical people urge people to take the injection ! They do not provide information about the negative effects or the of this gene therapy ! ALL We Hear Is ‚Äú SAFE and EFFECTIVE ‚Äù ( just like you & Brown !) AND , ‚Äú THE OUTWEIGH THE !‚Äù use , COERCION & To FORCE People to Take this VACCINE OR ARE FROM in FREE SOCIETY UNDER THE MANDATE OF A VACCINE PASSPORT !! During the , The MEDIA WERE AND WERE for LYING to the PUBLIC , many of the FOUND GUILTY of AGAINST HUMANITY !! So Channel 12 , Now it Is OUR Turn to Deliberately Cause each one of YOU TO LIVE in FEAR !! ONLY WE Are NOT LYING TO YOU !! This IS REAL ! And actually YOU DESERVE THIS !! When the Real TRUTH Comes Out , and It IS Coming Out Now , Not One Person WILL Ever TRUST ANY OF YOU AGAIN !! Will Be NO More ! Plus , If We Do See You , People Won ‚Äô t Have a Nice Word to Speak to YOU !! Because of Your , People We Know , ! Some of us FAMILY , Because of YOUR !! There Is NOT The EXCUSE of ‚Äú I ‚Äô t Know !! There ‚Äô t an Excuse for a ‚Äú JOURNALIST ‚Äù NOT KNOWING !!!",2021-05-22T07:10:47Z
315,I won ‚Äô t be a human guinea pig for this scam . Ten from now there will be ‚Äú Cause of premature death - covid vaccine ‚Äù,2021-05-22T07:09:18Z
316,my Cousin just by heart from your poison ... !,2021-05-22T05:37:04Z
